{"cameraMode":{"drawMode":0,"name":"Shaded","section":"Shading Mode"},"sceneLighting":true,"audioPlay":false,"sceneViewState":{"showFog":true,"showMaterialUpdate":false,"showSkybox":true,"showFlares":true,"showImageEffects":true,"showParticleSystems":true},"in2DMode":false,"pivot":{"x":-8.498908996582032,"y":-19.077133178710939,"z":16.252914428710939},"rotation":{"x":-0.1704946905374527,"y":-0.8285253643989563,"z":0.39869174361228945,"w":-0.3543076515197754},"size":67.4955825805664,"orthographic":false}