{"cameraMode":{"drawMode":0,"name":"Shaded","section":"Shading Mode"},"sceneLighting":true,"audioPlay":false,"sceneViewState":{"showFog":true,"showMaterialUpdate":false,"showSkybox":true,"showFlares":true,"showImageEffects":true,"showParticleSystems":true},"in2DMode":false,"pivot":{"x":17.27460479736328,"y":16.05318260192871,"z":-14.245908737182618},"rotation":{"x":-0.13622480630874635,"y":-0.863398015499115,"z":0.32942837476730349,"w":-0.3570265769958496},"size":126.82904815673828,"orthographic":false}